Workbook

Sheet Resumen
A1: Mediciones de calidad ISO/IEC 25023 — Sistema de Restaurantes de Tingo María
A2: Interoperabilidad: medición 2026-07-07. Tolerancia a fallos: PRIMERA EJECUCIÓN 2026-07-07
A4: Tabla 8 — Medidas de interoperabilidad (Compatibilidad → Interoperabilidad)
A5: ID | B5: Nombre | C5: Descripción | D5: Función de medición | E5: A | F5: B | G5: X | H5: Evaluación
A6: CIn-1-G | B6: Intercambiabilidad de formatos de datos | C6: ¿Qué proporción de los formatos de datos especificados es intercambiable con otro software o sistema? | D6: X = A/B A = Número de formatos de datos intercambiables con otro software o sistemas B = Número de formatos de datos especificados como intercambiables | E6: =COUNTIFS('Datos Interoperabilidad'!A5:A20,"CIn-1-G",'Datos Interoperabilidad'!E5:E20,"INTERCAMBIABLE") -> 3 | F6: =COUNTIF('Datos Interoperabilidad'!A5:A20,"CIn-1-G") -> 3 | G6: =E6/F6 -> 1 | H6: =IF(G6>=0.9,"CUMPLE",IF(G6>=0.7,"PARCIAL","NO CUMPLE")) -> CUMPLE
A7: CIn-2-G | B7: Suficiencia del protocolo de intercambio de datos | C7: ¿Qué proporción de los protocolos de intercambio de datos especificados está soportada? | D7: X = A/B A = Número de protocolos de intercambio de datos soportados B = Número de protocolos de intercambio de datos especificados para ser soportados | E7: =COUNTIFS('Datos Interoperabilidad'!A5:A20,"CIn-2-G",'Datos Interoperabilidad'!E5:E20,"SOPORTADO") -> 3 | F7: =COUNTIF('Datos Interoperabilidad'!A5:A20,"CIn-2-G") -> 3 | G7: =E7/F7 -> 1 | H7: =IF(G7>=0.9,"CUMPLE",IF(G7>=0.7,"PARCIAL","NO CUMPLE")) -> CUMPLE
A8: CIn-3-S | B8: Adecuación de interfaces externas | C8: ¿Qué proporción de las interfaces externas especificadas (interfaces con otros programas y sistemas) es funcional? | D8: X = A/B A = Número de interfaces externas que son funcionales B = Número de interfaces externas especificadas | E8: =COUNTIFS('Datos Interoperabilidad'!A5:A20,"CIn-3-S",'Datos Interoperabilidad'!E5:E20,"FUNCIONAL") -> 3 | F8: =COUNTIF('Datos Interoperabilidad'!A5:A20,"CIn-3-S") -> 3 | G8: =E8/F8 -> 1 | H8: =IF(G8>=0.9,"CUMPLE",IF(G8>=0.7,"PARCIAL","NO CUMPLE")) -> CUMPLE
A9: NOTA: Los ítems especificados y su evidencia están en la hoja 'Datos Interoperabilidad'. Un ítem cuenta para A solo si cumple el criterio de docs/interoperabilidad.md (estado HTTP esperado + JSON válido + envelope).
A11: Tabla 17 — Medidas de tolerancia a fallos (Fiabilidad → Tolerancia a fallos)
A12: ID | B12: Nombre | C12: Descripción | D12: Función de medición | E12: A | F12: B | G12: X | H12: Evaluación
A13: RFt-1-G | B13: Evitación de fallos | C13: ¿Qué proporción de patrones de fallo se ha controlado para evitar fallos críticos y graves? | D13: X = A/B A = Número de fallos críticos y graves evitados (basado en casos de prueba) B = Número de casos de prueba ejecutados de patrón de fallo (casi provocando fallos) durante las pruebas | E13: =COUNTIF('Datos Casos de fallo'!F5:F40,"EVITADO") -> 6 | F13: =COUNTA('Datos Casos de fallo'!F5:F40) -> 12 | G13: =E13/F13 -> 0.5 | H13: =IF(G13>=0.9,"CUMPLE",IF(G13>=0.7,"PARCIAL","NO CUMPLE")) -> NO CUMPLE
A14: RFt-2-S | B14: Redundancia de componentes (entorno local) | C14: ¿Qué proporción de componentes del sistema se instala de forma redundante para evitar fallos del sistema? | D14: X = A/B A = Número de componentes del sistema instalados de forma redundante B = Número de componentes del sistema | E14: =COUNTIF('Datos Componentes'!C5:C20,"SI") -> 0 | F14: =COUNTA('Datos Componentes'!C5:C20) -> 3 | G14: =E14/F14 -> 0 | H14: =IF(G14>=0.9,"CUMPLE",IF(G14>=0.7,"PARCIAL","NO CUMPLE")) -> NO CUMPLE
A15: RFt-2-S | B15: Redundancia de componentes (entorno producción) | C15: ¿Qué proporción de componentes del sistema se instala de forma redundante para evitar fallos del sistema? | D15: X = A/B A = Número de componentes del sistema instalados de forma redundante B = Número de componentes del sistema | E15: =COUNTIF('Datos Componentes'!D5:D20,"SI") -> 2 | F15: =COUNTA('Datos Componentes'!D5:D20) -> 3 | G15: =E15/F15 -> 0.66666667 | H15: =IF(G15>=0.9,"CUMPLE",IF(G15>=0.7,"PARCIAL","NO CUMPLE")) -> NO CUMPLE
A16: NOTA Por ejemplo, en muchos sistemas críticos para la seguridad, algunas partes del sistema de control podrían duplicarse con la intención de aumentar la fiabilidad del mismo. En este sistema, 'restart: unless-stopped' de Docker aporta recuperación automática pero NO cuenta como redundancia.
A17: RFt-3-S | B17: Tiempo medio de notificación de fallo | C17: ¿Con qué rapidez informa el sistema sobre la aparición de fallos? | D17: X = Σ (Ai − Bi) / n Ai = Tiempo en el que el sistema reporta el fallo i Bi = Tiempo en el que se detecta la falla i n = Número de fallos detectados | E17: =SUM('Datos Casos de fallo'!H5:H40) -> 0.953 | F17: =COUNT('Datos Casos de fallo'!H5:H40) -> 12 | G17: =E17/F17 -> 0.079416667 | H17: =IF(G17<=1,"CUMPLE","NO CUMPLE") -> CUMPLE
A18: NOTA: El valor del resultado varía de 0 a infinito. Normalmente, cuanto más cerca de 0, mejor. Aquí A = Σ(Ai−Bi) en segundos y B = n (número de fallos inyectados).

Sheet Datos Interoperabilidad
A1: DATOS EDITABLES — Pruebas de interoperabilidad
A2: Criterios: docs/interoperabilidad.md
A4: Medida | B4: Ítem probado | C4: Prueba (petición) | D4: Estado HTTP | E4: Resultado | F4: Evidencia
A5: CIn-1-G | B5: JSON envelope ApiResponse | C5: GET /v1/restaurants | D5: 200 | E5: INTERCAMBIABLE | F5: JSON valido con campos success y data
A6: CIn-1-G | B6: OpenAPI 3 (contrato JSON) | C6: GET /v3/api-docs | D6: 200 | E6: INTERCAMBIABLE | F6: JSON valido con campo openapi
A7: CIn-1-G | B7: JWT (RFC 7519) | C7: POST /v1/auth/login -> accessToken | D7: 200 | E7: INTERCAMBIABLE | F7: Token con estructura header.payload.signature
A8: CIn-2-G | B8: HTTP/1.1 (REST) | C8: GET /v1/restaurants | D8: 200 | E8: SOPORTADO | F8: Respuesta 200 sobre HTTP
A9: CIn-2-G | B9: Autenticacion Bearer JWT (RFC 6750) | C9: GET /v1/integration/restaurants con y sin token | D9: 200/403 | E9: SOPORTADO | F9: 200 con token; 401/403 sin token
A10: CIn-2-G | B10: CORS (preflight) | C10: OPTIONS /v1/restaurants con Origin | D10: 200 | E10: SOPORTADO | F10: Cabecera Access-Control-Allow-Origin presente
A11: CIn-3-S | B11: Catalogo de restaurantes (Turismo/Transporte) | C11: GET /v1/integration/restaurants | D11: 200 | E11: FUNCIONAL | F11: 200 + envelope JSON
A12: CIn-3-S | B12: Disponibilidad de restaurante (Hoteles) | C12: GET /v1/integration/restaurants/{id}/availability | D12: 200 | E12: FUNCIONAL | F12: 200 + envelope JSON con datos del restaurante
A13: CIn-3-S | B13: Restaurantes cerca de evento (Eventos) | C13: GET /v1/integration/restaurants/near-event/{eventId} | D13: 200 | E13: FUNCIONAL | F13: 200 + envelope JSON (lista, hoy vacia)

Sheet Datos Casos de fallo
A1: DATOS EDITABLES — Casos de patrón de fallo (RFt-1-G y RFt-3-S)
A2: Fuente: resultados/tolerancia a fallos/primera_ejecucion/
A4: Caso | B4: Patrón de fallo | C4: Petición inyectada | D4: Estado HTTP | E4: Envelope JSON | F4: Veredicto | G4: Bi (inyección) | H4: Latencia notificación (s)
A5: 1 | B5: JSON malformado | C5: POST /v1/auth/login | D5: 500 | E5: SI | F5: NO_EVITADO | G5: 12:23:54.209 | H5: 0.242
A6: 2 | B6: Violacion de validacion | C6: POST /v1/auth/login | D6: 400 | E6: SI | F6: EVITADO | G6: 12:23:54.524 | H6: 0.094
A7: 3 | B7: Credenciales incorrectas | C7: POST /v1/auth/login | D7: 401 | E7: SI | F7: EVITADO | G7: 12:23:54.623 | H7: 0.408
A8: 4 | B8: Recurso inexistente | C8: GET /v1/restaurants/{uuid} | D8: 404 | E8: SI | F8: EVITADO | G8: 12:23:55.034 | H8: 0.035
A9: 5 | B9: Identificador con tipo invalido | C9: GET /v1/restaurants/no-es-uuid | D9: 500 | E9: SI | F9: NO_EVITADO | G9: 12:23:55.072 | H9: 0.011
A10: 6 | B10: Ruta inexistente | C10: GET /v1/ruta-que-no-existe | D10: 403 | E10: NO | F10: EVITADO | G10: 12:23:55.086 | H10: 0.009
A11: 7 | B11: Acceso sin autenticacion | C11: GET /v1/integration/restaurants | D11: 403 | E11: NO | F11: EVITADO | G11: 12:23:55.097 | H11: 0.007
A12: 8 | B12: Token corrupto | C12: GET /v1/integration/restaurants | D12: 403 | E12: NO | F12: EVITADO | G12: 12:23:55.129 | H12: 0.098
A13: 9 | B13: Metodo HTTP no soportado | C13: DELETE /v1/auth/login | D13: 500 | E13: SI | F13: NO_EVITADO | G13: 12:23:55.229 | H13: 0.008
A14: 10 | B14: Content-Type incorrecto | C14: POST /v1/auth/login | D14: 500 | E14: SI | F14: NO_EVITADO | G14: 12:23:55.240 | H14: 0.011
A15: 11 | B15: Parametro fuera de rango | C15: GET /v1/restaurants?page=-1&size=10 | D15: 500 | E15: SI | F15: NO_EVITADO | G15: 12:23:55.252 | H15: 0.02
A16: 12 | B16: Cuerpo vacio requerido | C16: POST /v1/auth/login | D16: 500 | E16: SI | F16: NO_EVITADO | G16: 12:23:55.274 | H16: 0.01

Sheet Datos Componentes
A1: DATOS EDITABLES — Componentes del sistema (RFt-2-S)
A4: Componente | B4: Instancias (local) | C4: Redundante (local) | D4: Redundante (producción) | E4: Observación
A5: postgres | B5: 1 | C5: NO | D5: SI | E5: Producción: Neon — almacenamiento replicado gestionado
A6: backend | B6: 1 | C6: NO | D6: NO | E6: Producción: Render free — 1 sola instancia (no redundante)
A7: frontend | B7: 1 | C7: NO | D7: SI | E7: Producción: Vercel — edge/CDN multi-nodo gestionado
